"User_ID","Age","Location"
"U0001","59","Selangor, Malaysia"
"U0002","30","Kuala Lumpur, Malaysia"
"U0003","49","Sarawak, Malaysia"
"U0004","51","Pahang, Malaysia"
"U0005","58","Johor, Malaysia"
"U0006","23","Kuala Lumpur, Malaysia"
"U0007","56","Pahang, Malaysia"
"U0008","43","Melaka, Malaysia"
"U0009","51","Pahang, Malaysia"
"U0010","31","Pahang, Malaysia"
"U0011","58","Selangor, Malaysia"
"U0012","49","Penang, Malaysia"
"U0013","40","Sarawak, Malaysia"
"U0014","48","Penang, Malaysia"
"U0015","48","Perak, Malaysia"
"U0016","28","Melaka, Malaysia"
"U0017","23","Penang, Malaysia"
"U0018","59","Pahang, Malaysia"
"U0019","32","Johor, Malaysia"
"U0020","28","Sabah, Malaysia"
"U0021","55","Johor, Malaysia"
"U0022","64","Pahang, Malaysia"
"U0023","42","Selangor, Malaysia"
"U0024","30","Sarawak, Malaysia"
"U0025","64","Selangor, Malaysia"
"U0026","25","Pahang, Malaysia"
"U0027","41","Perak, Malaysia"
"U0028","21","Selangor, Malaysia"
"U0029","39","Negeri Sembilan, Malaysia"
"U0030","27","Johor, Malaysia"
"U0031","51","Penang, Malaysia"
"U0032","20","Pahang, Malaysia"
"U0033","43","Sarawak, Malaysia"
"U0034","23","Melaka, Malaysia"
"U0035","24","Pahang, Malaysia"
"U0036","65","Negeri Sembilan, Malaysia"
"U0037","24","Selangor, Malaysia"
"U0038","20","Melaka, Malaysia"
"U0039","26","Melaka, Malaysia"
"U0040","27","Sabah, Malaysia"
"U0041","29","Johor, Malaysia"
"U0042","25","Sabah, Malaysia"
"U0043","29","Negeri Sembilan, Malaysia"
"U0044","53","Sarawak, Malaysia"
"U0045","50","Johor, Malaysia"
"U0046","39","Negeri Sembilan, Malaysia"
"U0047","65","Perak, Malaysia"
"U0048","52","Kuala Lumpur, Malaysia"
"U0049","41","Sarawak, Malaysia"
"U0050","18","Pahang, Malaysia"
"U0051","48","Johor, Malaysia"
"U0052","53","Pahang, Malaysia"
"U0053","55","Negeri Sembilan, Malaysia"
"U0054","28","Melaka, Malaysia"
"U0055","35","Perak, Malaysia"
"U0056","28","Johor, Malaysia"
"U0057","32","Melaka, Malaysia"
"U0058","61","Penang, Malaysia"
"U0059","56","Sabah, Malaysia"
"U0060","48","Sarawak, Malaysia"
"U0061","60","Penang, Malaysia"
"U0062","25","Kuala Lumpur, Malaysia"
"U0063","22","Negeri Sembilan, Malaysia"
"U0064","36","Sarawak, Malaysia"
"U0065","18","Melaka, Malaysia"
"U0066","22","Johor, Malaysia"
"U0067","49","Penang, Malaysia"
"U0068","25","Sarawak, Malaysia"
"U0069","35","Melaka, Malaysia"
"U0070","22","Negeri Sembilan, Malaysia"
"U0071","24","Selangor, Malaysia"
"U0072","36","Johor, Malaysia"
"U0073","64","Selangor, Malaysia"
"U0074","30","Selangor, Malaysia"
"U0075","59","Negeri Sembilan, Malaysia"
"U0076","57","Pahang, Malaysia"
"U0077","33","Melaka, Malaysia"
"U0078","47","Negeri Sembilan, Malaysia"
"U0079","49","Melaka, Malaysia"
"U0080","59","Melaka, Malaysia"
"U0081","25","Negeri Sembilan, Malaysia"
"U0082","25","Penang, Malaysia"
"U0083","48","Sarawak, Malaysia"
"U0084","28","Selangor, Malaysia"
"U0085","34","Perak, Malaysia"
"U0086","58","Johor, Malaysia"
"U0087","22","Sabah, Malaysia"
"U0088","51","Melaka, Malaysia"
"U0089","26","Sabah, Malaysia"
"U0090","62","Melaka, Malaysia"
"U0091","64","Selangor, Malaysia"
"U0092","64","Kuala Lumpur, Malaysia"
"U0093","39","Melaka, Malaysia"
"U0094","44","Selangor, Malaysia"
"U0095","18","Selangor, Malaysia"
"U0096","18","Penang, Malaysia"
"U0097","29","Pahang, Malaysia"
"U0098","55","Melaka, Malaysia"
"U0099","42","Perak, Malaysia"
"U0100","54","Negeri Sembilan, Malaysia"
"U0101","35","Melaka, Malaysia"
"U0102","56","Penang, Malaysia"
"U0103","54","Johor, Malaysia"
"U0104","18","Johor, Malaysia"
"U0105","22","Sabah, Malaysia"
"U0106","46","Sarawak, Malaysia"
"U0107","48","Selangor, Malaysia"
"U0108","46","Sarawak, Malaysia"
"U0109","28","Selangor, Malaysia"
"U0110","25","Perak, Malaysia"
"U0111","61","Sarawak, Malaysia"
"U0112","63","Selangor, Malaysia"
"U0113","34","Penang, Malaysia"
"U0114","46","Penang, Malaysia"
"U0115","31","Penang, Malaysia"
"U0116","56","Sarawak, Malaysia"
"U0117","60","Negeri Sembilan, Malaysia"
"U0118","45","Selangor, Malaysia"
"U0119","40","Melaka, Malaysia"
"U0120","65","Sabah, Malaysia"
"U0121","51","Sarawak, Malaysia"
"U0122","50","Selangor, Malaysia"
"U0123","58","Selangor, Malaysia"
"U0124","60","Penang, Malaysia"
"U0125","57","Kuala Lumpur, Malaysia"
"U0126","34","Johor, Malaysia"
"U0127","41","Perak, Malaysia"
"U0128","21","Penang, Malaysia"
"U0129","58","Johor, Malaysia"
"U0130","64","Perak, Malaysia"
"U0131","39","Johor, Malaysia"
"U0132","54","Pahang, Malaysia"
"U0133","65","Sarawak, Malaysia"
"U0134","51","Negeri Sembilan, Malaysia"
"U0135","62","Negeri Sembilan, Malaysia"
"U0136","32","Melaka, Malaysia"
"U0137","58","Selangor, Malaysia"
"U0138","44","Sabah, Malaysia"
"U0139","46","Sarawak, Malaysia"
"U0140","35","Pahang, Malaysia"
"U0141","26","Pahang, Malaysia"
"U0142","61","Perak, Malaysia"
"U0143","58","Kuala Lumpur, Malaysia"
"U0144","33","Johor, Malaysia"
"U0145","34","Melaka, Malaysia"
"U0146","62","Selangor, Malaysia"
"U0147","60","Sabah, Malaysia"
"U0148","38","Selangor, Malaysia"
"U0149","64","Pahang, Malaysia"
"U0150","39","Selangor, Malaysia"
"U0151","31","Sarawak, Malaysia"
"U0152","35","Sabah, Malaysia"
"U0153","61","Kuala Lumpur, Malaysia"
"U0154","53","Perak, Malaysia"
"U0155","64","Sabah, Malaysia"
"U0156","54","Penang, Malaysia"
"U0157","53","Sarawak, Malaysia"
"U0158","21","Perak, Malaysia"
"U0159","26","Melaka, Malaysia"
"U0160","32","Negeri Sembilan, Malaysia"
"U0161","22","Perak, Malaysia"
"U0162","59","Kuala Lumpur, Malaysia"
"U0163","61","Negeri Sembilan, Malaysia"
"U0164","35","Kuala Lumpur, Malaysia"
"U0165","53","Selangor, Malaysia"
"U0166","61","Perak, Malaysia"
"U0167","46","Selangor, Malaysia"
"U0168","23","Melaka, Malaysia"
"U0169","55","Penang, Malaysia"
"U0170","42","Selangor, Malaysia"
"U0171","34","Sarawak, Malaysia"
"U0172","18","Sarawak, Malaysia"
"U0173","56","Selangor, Malaysia"
"U0174","19","Pahang, Malaysia"
"U0175","40","Johor, Malaysia"
"U0176","34","Johor, Malaysia"
"U0177","27","Penang, Malaysia"
"U0178","24","Melaka, Malaysia"
"U0179","59","Negeri Sembilan, Malaysia"
"U0180","35","Kuala Lumpur, Malaysia"
"U0181","46","Perak, Malaysia"
"U0182","41","Kuala Lumpur, Malaysia"
"U0183","22","Melaka, Malaysia"
"U0184","19","Kuala Lumpur, Malaysia"
"U0185","25","Sabah, Malaysia"
"U0186","38","Sarawak, Malaysia"
"U0187","60","Perak, Malaysia"
"U0188","58","Johor, Malaysia"
"U0189","41","Penang, Malaysia"
"U0190","32","Selangor, Malaysia"
"U0191","35","Perak, Malaysia"
"U0192","47","Perak, Malaysia"
"U0193","38","Negeri Sembilan, Malaysia"
"U0194","28","Penang, Malaysia"
"U0195","55","Selangor, Malaysia"
"U0196","62","Negeri Sembilan, Malaysia"
"U0197","37","Perak, Malaysia"
"U0198","34","Perak, Malaysia"
"U0199","64","Melaka, Malaysia"
"U0200","61","Negeri Sembilan, Malaysia"
"U0201","41","Melaka, Malaysia"
"U0202","58","Sarawak, Malaysia"
"U0203","33","Sabah, Malaysia"
"U0204","61","Kuala Lumpur, Malaysia"
"U0205","18","Sarawak, Malaysia"
"U0206","30","Kuala Lumpur, Malaysia"
"U0207","52","Sabah, Malaysia"
"U0208","54","Pahang, Malaysia"
"U0209","33","Kuala Lumpur, Malaysia"
"U0210","36","Sarawak, Malaysia"
"U0211","34","Sabah, Malaysia"
"U0212","43","Melaka, Malaysia"
"U0213","19","Negeri Sembilan, Malaysia"
"U0214","43","Sarawak, Malaysia"
"U0215","19","Sabah, Malaysia"
"U0216","50","Johor, Malaysia"
"U0217","39","Melaka, Malaysia"
"U0218","61","Selangor, Malaysia"
"U0219","46","Melaka, Malaysia"
"U0220","59","Sabah, Malaysia"
"U0221","50","Negeri Sembilan, Malaysia"
"U0222","38","Sabah, Malaysia"
"U0223","50","Perak, Malaysia"
"U0224","53","Penang, Malaysia"
"U0225","51","Selangor, Malaysia"
"U0226","55","Melaka, Malaysia"
"U0227","31","Sarawak, Malaysia"
"U0228","26","Negeri Sembilan, Malaysia"
"U0229","18","Perak, Malaysia"
"U0230","44","Negeri Sembilan, Malaysia"
"U0231","43","Selangor, Malaysia"
"U0232","57","Pahang, Malaysia"
"U0233","44","Sarawak, Malaysia"
"U0234","63","Negeri Sembilan, Malaysia"
"U0235","60","Melaka, Malaysia"
"U0236","45","Penang, Malaysia"
"U0237","41","Pahang, Malaysia"
"U0238","44","Sabah, Malaysia"
"U0239","63","Perak, Malaysia"
"U0240","64","Perak, Malaysia"
"U0241","23","Selangor, Malaysia"
"U0242","62","Selangor, Malaysia"
"U0243","51","Pahang, Malaysia"
"U0244","32","Penang, Malaysia"
"U0245","38","Johor, Malaysia"
"U0246","58","Penang, Malaysia"
"U0247","38","Perak, Malaysia"
"U0248","35","Kuala Lumpur, Malaysia"
"U0249","18","Negeri Sembilan, Malaysia"
"U0250","44","Pahang, Malaysia"
"U0251","48","Sabah, Malaysia"
"U0252","58","Pahang, Malaysia"
"U0253","34","Negeri Sembilan, Malaysia"
"U0254","38","Pahang, Malaysia"
"U0255","48","Selangor, Malaysia"
"U0256","60","Selangor, Malaysia"
"U0257","27","Selangor, Malaysia"
"U0258","57","Sabah, Malaysia"
"U0259","60","Melaka, Malaysia"
"U0260","37","Negeri Sembilan, Malaysia"
"U0261","41","Selangor, Malaysia"
"U0262","65","Sarawak, Malaysia"
"U0263","61","Sabah, Malaysia"
"U0264","55","Perak, Malaysia"
"U0265","50","Kuala Lumpur, Malaysia"
"U0266","60","Melaka, Malaysia"
"U0267","44","Selangor, Malaysia"
"U0268","34","Johor, Malaysia"
"U0269","25","Pahang, Malaysia"
"U0270","29","Negeri Sembilan, Malaysia"
"U0271","56","Negeri Sembilan, Malaysia"
"U0272","33","Negeri Sembilan, Malaysia"
"U0273","34","Sarawak, Malaysia"
"U0274","61","Negeri Sembilan, Malaysia"
"U0275","54","Perak, Malaysia"
"U0276","59","Selangor, Malaysia"
"U0277","35","Kuala Lumpur, Malaysia"
"U0278","27","Pahang, Malaysia"
"U0279","33","Selangor, Malaysia"
"U0280","28","Pahang, Malaysia"
"U0281","48","Sarawak, Malaysia"
"U0282","37","Negeri Sembilan, Malaysia"
"U0283","31","Johor, Malaysia"
"U0284","60","Sabah, Malaysia"
"U0285","34","Sarawak, Malaysia"
"U0286","33","Sabah, Malaysia"
"U0287","25","Penang, Malaysia"
"U0288","41","Pahang, Malaysia"
"U0289","22","Sarawak, Malaysia"
"U0290","30","Negeri Sembilan, Malaysia"
"U0291","61","Selangor, Malaysia"
"U0292","50","Penang, Malaysia"
"U0293","62","Johor, Malaysia"
"U0294","20","Sabah, Malaysia"
"U0295","39","Perak, Malaysia"
"U0296","61","Pahang, Malaysia"
"U0297","48","Kuala Lumpur, Malaysia"
"U0298","58","Kuala Lumpur, Malaysia"
"U0299","26","Selangor, Malaysia"
"U0300","51","Johor, Malaysia"
